,collab_loss,collab_accuracy,agent0_loss,agen0_accuracy,agent1_loss,agen1_accuracy,agent2_loss,agen2_accuracy
0,2.2964119911193848,0.1372,2.3175110816955566,0.1063,2.337463855743408,0.1264,2.2818901538848877,0.109
1,2.2937350273132324,0.1578,2.2918825149536133,0.1128,2.2991139888763428,0.1674,2.260512590408325,0.1236
2,2.2910821437835693,0.1883,2.268216371536255,0.119,2.2645695209503174,0.2048,2.2395741939544678,0.1469
3,2.2885026931762695,0.2178,2.2454872131347656,0.1277,2.23425555229187,0.2415,2.218700885772705,0.1707
4,2.2858355045318604,0.2367,2.223637819290161,0.1448,2.2054331302642822,0.2768,2.201690196990967,0.1865
5,2.2831437587738037,0.26,2.202153205871582,0.1782,2.1759722232818604,0.3039,2.1842801570892334,0.2081
6,2.2804806232452393,0.278,2.1820127964019775,0.2259,2.148813009262085,0.3299,2.167299509048462,0.2316
7,2.2777793407440186,0.2951,2.1626834869384766,0.2597,2.1233675479888916,0.3551,2.1482319831848145,0.2498
8,2.2750589847564697,0.3107,2.143124580383301,0.303,2.09797739982605,0.376,2.1303672790527344,0.2744
9,2.2722203731536865,0.3286,2.123782157897949,0.3468,2.075422763824463,0.3992,2.107409715652466,0.2989
10,2.269352674484253,0.3414,2.105764150619507,0.3701,2.0510051250457764,0.4229,2.086343288421631,0.3317
11,2.2665460109710693,0.3519,2.08931827545166,0.3978,2.025683879852295,0.4443,2.0689339637756348,0.3429
12,2.2635021209716797,0.368,2.07007098197937,0.4187,2.000843048095703,0.4649,2.048874855041504,0.3668
13,2.260411024093628,0.3814,2.0513644218444824,0.447,1.9754607677459717,0.4813,2.0283291339874268,0.3906
14,2.257229804992676,0.3876,2.03313946723938,0.4641,1.9499433040618896,0.5013,2.008524179458618,0.4012
15,2.2538058757781982,0.3911,2.0147781372070312,0.4884,1.924228549003601,0.5202,1.9878164529800415,0.4101
16,2.2506356239318848,0.3984,1.9974108934402466,0.5031,1.8996769189834595,0.5339,1.968842625617981,0.425
17,2.2472383975982666,0.4051,1.978247046470642,0.5219,1.8760493993759155,0.5485,1.9494861364364624,0.4403
18,2.243603467941284,0.4091,1.9594086408615112,0.5289,1.8496935367584229,0.5603,1.9304066896438599,0.4468
19,2.2399511337280273,0.4137,1.9411439895629883,0.5416,1.825487732887268,0.5684,1.9096816778182983,0.461
20,2.2361254692077637,0.4189,1.922787070274353,0.5472,1.8021680116653442,0.5818,1.8898934125900269,0.4765
21,2.2323646545410156,0.4225,1.9037214517593384,0.5552,1.7754744291305542,0.5934,1.8689237833023071,0.4844
22,2.228510856628418,0.4251,1.8856871128082275,0.5592,1.7501894235610962,0.5979,1.849390983581543,0.5004
23,2.224470853805542,0.4298,1.8670406341552734,0.5654,1.7265031337738037,0.6047,1.828887701034546,0.5141
24,2.220277786254883,0.4329,1.8472983837127686,0.5762,1.7033933401107788,0.6154,1.8110589981079102,0.5222
25,2.2158665657043457,0.4367,1.8305554389953613,0.5793,1.6776649951934814,0.6181,1.7904049158096313,0.5311
26,2.2113723754882812,0.4372,1.8112894296646118,0.5931,1.6558572053909302,0.6231,1.7727144956588745,0.5338
27,2.2067551612854004,0.4444,1.7905656099319458,0.5969,1.6325491666793823,0.6298,1.755734920501709,0.5362
28,2.2023236751556396,0.4483,1.7715959548950195,0.6035,1.6129775047302246,0.6388,1.7387202978134155,0.5446
29,2.197601556777954,0.4502,1.7531379461288452,0.607,1.5924286842346191,0.6437,1.7196732759475708,0.5543
30,2.19299054145813,0.4598,1.7320829629898071,0.6089,1.5707980394363403,0.6488,1.7002441883087158,0.5708
31,2.1877739429473877,0.4622,1.7122197151184082,0.6137,1.5493437051773071,0.6535,1.6797492504119873,0.5817
32,2.1827163696289062,0.4677,1.6949273347854614,0.6099,1.5307247638702393,0.658,1.662503719329834,0.5913
33,2.177215576171875,0.4706,1.6767051219940186,0.6116,1.509511113166809,0.6583,1.644140601158142,0.5976
34,2.1715893745422363,0.4715,1.6592384576797485,0.6132,1.4907326698303223,0.6572,1.6262775659561157,0.6077
35,2.165837287902832,0.4703,1.642098069190979,0.6145,1.4702599048614502,0.6652,1.6091194152832031,0.6114
36,2.1598968505859375,0.4732,1.6239120960235596,0.6226,1.4519500732421875,0.6679,1.5912820100784302,0.6155
37,2.153809070587158,0.4749,1.6063601970672607,0.6242,1.431347131729126,0.6733,1.5778385400772095,0.615
38,2.147660255432129,0.4792,1.587406873703003,0.6269,1.4146608114242554,0.677,1.5580379962921143,0.6238
39,2.141140937805176,0.4858,1.5693566799163818,0.6339,1.3963528871536255,0.6791,1.5396677255630493,0.6313
40,2.134392499923706,0.4867,1.5551596879959106,0.632,1.3793797492980957,0.6812,1.523549199104309,0.6334
41,2.1277661323547363,0.4876,1.5395801067352295,0.6403,1.3662781715393066,0.6874,1.5069259405136108,0.6358
42,2.1209096908569336,0.4909,1.522249698638916,0.6394,1.3487821817398071,0.6916,1.4909136295318604,0.6371
43,2.1136839389801025,0.4949,1.506211280822754,0.6404,1.333648681640625,0.6934,1.4762287139892578,0.6403
44,2.1061925888061523,0.4969,1.4935462474822998,0.6369,1.3183486461639404,0.6917,1.4594558477401733,0.647
45,2.098965644836426,0.5022,1.4779945611953735,0.6347,1.3037428855895996,0.6962,1.4460715055465698,0.6511
46,2.091369390487671,0.5063,1.4637588262557983,0.6409,1.2895554304122925,0.6965,1.429701328277588,0.6556
47,2.083198308944702,0.5066,1.4532124996185303,0.6396,1.2748005390167236,0.6985,1.4141141176223755,0.6571
48,2.0748894214630127,0.5092,1.438605546951294,0.6454,1.2589218616485596,0.7018,1.4009885787963867,0.6607
49,2.0665900707244873,0.5092,1.42432701587677,0.6496,1.245171308517456,0.7038,1.3864519596099854,0.6634
50,2.0580735206604004,0.5149,1.4068949222564697,0.6555,1.2312943935394287,0.7058,1.3737404346466064,0.6656
51,2.0494158267974854,0.5171,1.3944978713989258,0.6524,1.217343807220459,0.7064,1.3610212802886963,0.6683
52,2.040456533432007,0.5193,1.381921648979187,0.6549,1.2040611505508423,0.7083,1.3492250442504883,0.6663
53,2.0315465927124023,0.5216,1.3671575784683228,0.6573,1.1937390565872192,0.7091,1.3368425369262695,0.6684
54,2.0223162174224854,0.5294,1.3535709381103516,0.6607,1.1811617612838745,0.7122,1.325315237045288,0.6712
55,2.012988567352295,0.5326,1.339477777481079,0.6642,1.171431064605713,0.7162,1.3109474182128906,0.6736
56,2.0033817291259766,0.5333,1.3272241353988647,0.6636,1.1619669198989868,0.7124,1.2994943857192993,0.6755
57,1.9939091205596924,0.5351,1.3168354034423828,0.6637,1.149904727935791,0.7162,1.2879517078399658,0.6763
58,1.9840192794799805,0.5381,1.307370662689209,0.6619,1.1375995874404907,0.7191,1.2758967876434326,0.6794
59,1.9737659692764282,0.5413,1.2939696311950684,0.6646,1.1274986267089844,0.719,1.2633037567138672,0.6836
60,1.9636383056640625,0.5436,1.2814843654632568,0.6687,1.1181883811950684,0.7194,1.2498486042022705,0.6885
61,1.9533991813659668,0.5432,1.2688429355621338,0.6743,1.1097862720489502,0.7185,1.236312985420227,0.6921
62,1.9425761699676514,0.5453,1.2599560022354126,0.6777,1.0984712839126587,0.7217,1.225307583808899,0.6942
63,1.9323152303695679,0.547,1.2518326044082642,0.6763,1.0915967226028442,0.7215,1.2154439687728882,0.695
64,1.9216023683547974,0.552,1.241490364074707,0.6791,1.083873987197876,0.7218,1.2053499221801758,0.6947
65,1.9106026887893677,0.5575,1.2314523458480835,0.6823,1.0763884782791138,0.7209,1.1941308975219727,0.698
66,1.8994437456130981,0.5614,1.2201818227767944,0.6829,1.0669012069702148,0.7237,1.1851767301559448,0.6974
67,1.888183832168579,0.5642,1.2087210416793823,0.685,1.0580706596374512,0.7263,1.175557017326355,0.6985
68,1.8768956661224365,0.566,1.2009865045547485,0.6853,1.0524709224700928,0.7266,1.1664990186691284,0.7
69,1.8654155731201172,0.5697,1.1897246837615967,0.6911,1.0421658754348755,0.7291,1.158194899559021,0.7014
70,1.8539644479751587,0.5709,1.1837185621261597,0.6908,1.038512945175171,0.7277,1.1467347145080566,0.7052
71,1.8422331809997559,0.5742,1.176486611366272,0.6917,1.0314815044403076,0.7279,1.1381908655166626,0.7043
72,1.830430507659912,0.578,1.1680253744125366,0.6942,1.0204817056655884,0.7308,1.1312353610992432,0.7066
73,1.818743348121643,0.5815,1.1592289209365845,0.6951,1.0125408172607422,0.7337,1.1255948543548584,0.7088
74,1.8067042827606201,0.5817,1.1532574892044067,0.6961,1.0054163932800293,0.7346,1.117435336112976,0.7095
75,1.7950879335403442,0.5841,1.1460627317428589,0.6974,0.9996005892753601,0.7345,1.10750412940979,0.7113
76,1.7829923629760742,0.5837,1.1389389038085938,0.701,0.9928019642829895,0.7362,1.099251389503479,0.711
77,1.7711753845214844,0.5855,1.133711576461792,0.6985,0.9878498315811157,0.7366,1.0894368886947632,0.7133
78,1.7592082023620605,0.5854,1.1283038854599,0.6973,0.9791064262390137,0.7382,1.080700159072876,0.7175
79,1.7476460933685303,0.5877,1.1200315952301025,0.7032,0.9741166234016418,0.7417,1.0745635032653809,0.716
80,1.7356771230697632,0.5921,1.110825538635254,0.7047,0.9656866192817688,0.742,1.0684423446655273,0.7157
81,1.7231913805007935,0.5925,1.10165274143219,0.7078,0.9585093855857849,0.745,1.0596522092819214,0.7181
82,1.7113269567489624,0.593,1.0954805612564087,0.7091,0.9534488320350647,0.7469,1.051637053489685,0.7212
83,1.6985480785369873,0.5977,1.0877022743225098,0.7104,0.9492601752281189,0.7456,1.045560598373413,0.7222
84,1.6864277124404907,0.6002,1.0835708379745483,0.7096,0.9439773559570312,0.7467,1.042741060256958,0.7189
85,1.6745593547821045,0.6008,1.0795674324035645,0.7079,0.9389917850494385,0.7491,1.0374321937561035,0.7199
86,1.6624011993408203,0.6037,1.0742734670639038,0.7086,0.9342435598373413,0.7479,1.032039999961853,0.7205
87,1.6501245498657227,0.6095,1.068738579750061,0.7101,0.9324796795845032,0.7478,1.025070071220398,0.7213
88,1.6385008096694946,0.6113,1.0643891096115112,0.7113,0.9271453022956848,0.7475,1.0169892311096191,0.726
89,1.6271791458129883,0.6103,1.0614356994628906,0.7099,0.9233675599098206,0.7471,1.012224555015564,0.7249
90,1.6151008605957031,0.6116,1.0581138134002686,0.7104,0.9152480363845825,0.7493,1.0037285089492798,0.7281
91,1.6038765907287598,0.6144,1.0531591176986694,0.7116,0.9116151332855225,0.7504,1.0004926919937134,0.7289
92,1.5913453102111816,0.6195,1.0453683137893677,0.7127,0.9077573418617249,0.751,0.9963257908821106,0.728
93,1.5796109437942505,0.6228,1.0410352945327759,0.7136,0.9037162065505981,0.7519,0.990363359451294,0.7281
94,1.5677908658981323,0.624,1.0343126058578491,0.7149,0.9015065431594849,0.7524,0.9857611060142517,0.728
95,1.5564876794815063,0.6255,1.02894926071167,0.7136,0.89507657289505,0.7531,0.9805657267570496,0.7296
96,1.5450934171676636,0.6267,1.0257993936538696,0.7144,0.8911016583442688,0.7545,0.9768878221511841,0.7299
97,1.5334100723266602,0.629,1.020072340965271,0.7164,0.8885724544525146,0.7553,0.9697800874710083,0.7308
98,1.5223370790481567,0.633,1.0174001455307007,0.7156,0.8840011954307556,0.7546,0.968545138835907,0.7299
99,1.5107638835906982,0.6338,1.0135409832000732,0.7143,0.878912091255188,0.757,0.9653577208518982,0.7276
100,1.4996312856674194,0.636,1.0082931518554688,0.7168,0.8746014833450317,0.7575,0.9593291282653809,0.7301
101,1.4888125658035278,0.6349,1.0063546895980835,0.7147,0.8733856678009033,0.7563,0.9532326459884644,0.7311
102,1.477603554725647,0.6401,1.0025827884674072,0.715,0.8705458045005798,0.7556,0.9456188678741455,0.7353
103,1.46657133102417,0.6436,0.9977268576622009,0.7167,0.8683607578277588,0.755,0.9425085186958313,0.7354
104,1.455182671546936,0.6453,0.990799605846405,0.7214,0.8620674014091492,0.7577,0.9357575178146362,0.7378
105,1.444994568824768,0.6456,0.9881417751312256,0.7212,0.8595804572105408,0.7576,0.9327640533447266,0.7367
106,1.434581995010376,0.6478,0.9841036200523376,0.7217,0.8567484617233276,0.758,0.9272906184196472,0.7387
107,1.423950433731079,0.6512,0.9813868999481201,0.7208,0.851975679397583,0.7616,0.9247081875801086,0.7386
108,1.4127401113510132,0.6553,0.9796720743179321,0.7208,0.8475801944732666,0.7627,0.9216480255126953,0.7384
109,1.4021666049957275,0.6574,0.9755611419677734,0.722,0.843886137008667,0.7629,0.9156807661056519,0.741
110,1.392069935798645,0.6592,0.971381425857544,0.7221,0.8409091830253601,0.7632,0.9117993116378784,0.7409
111,1.3817800283432007,0.6617,0.9666277170181274,0.725,0.8392918109893799,0.7626,0.9085578322410583,0.7411
112,1.3719229698181152,0.6626,0.9621796011924744,0.7264,0.8373537063598633,0.7622,0.9029180407524109,0.7457
113,1.362236738204956,0.6658,0.9596940279006958,0.7256,0.8332646489143372,0.764,0.899453341960907,0.7438
114,1.3528823852539062,0.6659,0.9606077075004578,0.723,0.8305197358131409,0.7637,0.8955379128456116,0.745
115,1.3433305025100708,0.6666,0.9543455243110657,0.7258,0.8286598920822144,0.764,0.8924990296363831,0.7445
116,1.3340364694595337,0.6682,0.9526585936546326,0.7252,0.8271409869194031,0.7651,0.8876564502716064,0.7468
117,1.3243305683135986,0.6724,0.9494863152503967,0.7257,0.8239136934280396,0.7654,0.8857595920562744,0.7443
118,1.3142606019973755,0.6763,0.9457932710647583,0.7267,0.8206003904342651,0.7649,0.8817810416221619,0.7461
119,1.3048508167266846,0.6795,0.9421868920326233,0.7285,0.8155738115310669,0.7683,0.8791933655738831,0.7451
120,1.2964568138122559,0.6786,0.9410625100135803,0.7286,0.8146908283233643,0.768,0.8758668899536133,0.7478
121,1.2874834537506104,0.6821,0.9392132759094238,0.7285,0.811180830001831,0.7691,0.8723689317703247,0.7485
122,1.2785987854003906,0.6827,0.9358318448066711,0.73,0.8097468614578247,0.7689,0.8681891560554504,0.7515
123,1.2701170444488525,0.6835,0.9360105395317078,0.7286,0.8076419830322266,0.7693,0.8653414249420166,0.7507
124,1.2614219188690186,0.6847,0.9318423867225647,0.7306,0.8049659132957458,0.77,0.8628888726234436,0.751
125,1.2529048919677734,0.6867,0.9280117154121399,0.7308,0.8025527596473694,0.7702,0.8606905341148376,0.7504
126,1.2451207637786865,0.6867,0.9273949265480042,0.7296,0.8013692498207092,0.7696,0.8588888645172119,0.7482
127,1.2364377975463867,0.6886,0.9242904186248779,0.7303,0.7999565005302429,0.7692,0.8557228446006775,0.7514
128,1.22794771194458,0.6903,0.9212808609008789,0.7308,0.7956501245498657,0.7703,0.8548232316970825,0.748
129,1.2202099561691284,0.6904,0.9193660020828247,0.7305,0.794376790523529,0.7702,0.8511492013931274,0.7519
130,1.2120379209518433,0.6922,0.9165754914283752,0.7311,0.7946116924285889,0.7694,0.8503689169883728,0.748
131,1.2045050859451294,0.6929,0.9148169159889221,0.7309,0.7909635901451111,0.7696,0.846519410610199,0.75
132,1.1974101066589355,0.6935,0.9151144623756409,0.7294,0.7891219258308411,0.7699,0.8446035385131836,0.7502
133,1.1894710063934326,0.6956,0.912441611289978,0.7308,0.7849151492118835,0.7721,0.8419091701507568,0.7507
134,1.1813768148422241,0.6981,0.9075892567634583,0.7335,0.7850126028060913,0.7718,0.8398222923278809,0.7516
135,1.1743663549423218,0.6991,0.9066433310508728,0.7345,0.7853343486785889,0.7706,0.837583601474762,0.7525
136,1.1668730974197388,0.6999,0.904327929019928,0.7342,0.7823612093925476,0.7723,0.8338355422019958,0.7541
137,1.160033941268921,0.7003,0.9049158096313477,0.7325,0.7790639996528625,0.7734,0.8291369080543518,0.7582
138,1.1524282693862915,0.7022,0.9023550748825073,0.7338,0.7776028513908386,0.7732,0.8269802927970886,0.7577
139,1.1454402208328247,0.7037,0.900217592716217,0.733,0.7758263945579529,0.7734,0.8253068327903748,0.7576
140,1.1384714841842651,0.7048,0.9000061750411987,0.7316,0.7740430235862732,0.7733,0.8216162323951721,0.7596
141,1.1315256357192993,0.7056,0.8942559361457825,0.7342,0.7730592489242554,0.7728,0.8213346600532532,0.7591
142,1.1242679357528687,0.7099,0.893447756767273,0.7332,0.7712920308113098,0.7726,0.8215943574905396,0.7554
143,1.1172086000442505,0.7119,0.8893675804138184,0.736,0.7674793004989624,0.774,0.8190527558326721,0.7559
144,1.1110199689865112,0.7112,0.8893758058547974,0.7359,0.7653868794441223,0.7738,0.816236674785614,0.7575
145,1.1051421165466309,0.7101,0.8896521329879761,0.7352,0.7658438086509705,0.7743,0.8141891956329346,0.7585
146,1.0985214710235596,0.7131,0.8869130611419678,0.7352,0.7644513249397278,0.7737,0.8115804195404053,0.7593
147,1.0928375720977783,0.7127,0.8884170651435852,0.7344,0.7633741497993469,0.7732,0.808634877204895,0.7599
148,1.0863118171691895,0.7143,0.8839990496635437,0.7352,0.7619616985321045,0.7728,0.8069616556167603,0.7593
149,1.0806255340576172,0.7146,0.8819390535354614,0.7359,0.7595618367195129,0.7737,0.8055898547172546,0.7592
150,1.0743999481201172,0.7169,0.8803458213806152,0.7355,0.7586174011230469,0.7736,0.8055588603019714,0.7593
151,1.0684934854507446,0.7184,0.881018340587616,0.7348,0.7567180395126343,0.7738,0.8020201921463013,0.7619
152,1.0623111724853516,0.7196,0.8763401508331299,0.7368,0.7534137964248657,0.7764,0.7985765337944031,0.7637
153,1.0570327043533325,0.7203,0.8753257989883423,0.7365,0.752831220626831,0.7759,0.796195387840271,0.7624
154,1.051775574684143,0.7199,0.876442551612854,0.7346,0.7516770958900452,0.7747,0.7939661145210266,0.7631
155,1.046409010887146,0.7199,0.8754984140396118,0.7351,0.751681387424469,0.7748,0.7934703230857849,0.7621
156,1.041892647743225,0.7203,0.8757705092430115,0.7351,0.7522273659706116,0.7745,0.7917994856834412,0.7617
157,1.0359091758728027,0.7214,0.8718987107276917,0.7371,0.7500144839286804,0.7753,0.7909623980522156,0.7616
158,1.0309840440750122,0.7228,0.8726513385772705,0.7364,0.7486079335212708,0.7754,0.7898297905921936,0.7619
159,1.0254052877426147,0.724,0.8712621331214905,0.7365,0.7468900680541992,0.7755,0.7871348261833191,0.7625
160,1.0202585458755493,0.7246,0.8684498071670532,0.7379,0.7465754747390747,0.7753,0.784935474395752,0.7639
161,1.0152629613876343,0.7251,0.8719854354858398,0.7346,0.7449509501457214,0.7763,0.7836142182350159,0.7637
162,1.0101467370986938,0.7267,0.8699806928634644,0.7339,0.7428009510040283,0.7749,0.7821696996688843,0.7634
163,1.005458950996399,0.7263,0.8704138398170471,0.7336,0.7421143651008606,0.7743,0.7813496589660645,0.763
164,1.0004112720489502,0.729,0.8633650541305542,0.7369,0.7417325377464294,0.7744,0.7791447043418884,0.765
165,0.9952726364135742,0.7308,0.8615387678146362,0.7358,0.7390329837799072,0.7758,0.7791715264320374,0.7633
166,0.9907492995262146,0.7316,0.8581944108009338,0.7374,0.7386338114738464,0.7768,0.7769724726676941,0.7647
167,0.9861626029014587,0.731,0.8599163889884949,0.7361,0.7369605302810669,0.7754,0.7757403254508972,0.7646
168,0.981680691242218,0.7324,0.8583982586860657,0.7363,0.7361940145492554,0.7761,0.7733315229415894,0.7661
169,0.976556658744812,0.7355,0.8556755781173706,0.7382,0.7348959445953369,0.7751,0.7732774019241333,0.7643
170,0.9714767336845398,0.7369,0.854147732257843,0.7389,0.7331159114837646,0.7761,0.7688805460929871,0.7676
171,0.967720627784729,0.7368,0.8522096872329712,0.7402,0.7311224341392517,0.7769,0.767246663570404,0.7688
172,0.9637604355812073,0.7373,0.8524775505065918,0.7397,0.730721116065979,0.7768,0.7666003108024597,0.7695
173,0.9594316482543945,0.7392,0.8511300683021545,0.7409,0.7287607192993164,0.7772,0.7655640840530396,0.768
174,0.9547525644302368,0.7396,0.8498920202255249,0.74,0.7265608906745911,0.7786,0.7651943564414978,0.7678
175,0.9506130814552307,0.7399,0.8483721613883972,0.7404,0.7258958220481873,0.7776,0.7634952068328857,0.7689
176,0.9465320110321045,0.7392,0.8489086031913757,0.7398,0.7243106961250305,0.779,0.7632521390914917,0.7683
177,0.9426759481430054,0.7396,0.8460038304328918,0.7405,0.7229970693588257,0.7782,0.762281596660614,0.7679
178,0.9394242167472839,0.7398,0.8458995819091797,0.7401,0.723080039024353,0.7794,0.761452317237854,0.7667
179,0.9352690577507019,0.7433,0.844115138053894,0.7402,0.7233150005340576,0.7791,0.7590819597244263,0.7677
180,0.9308038949966431,0.743,0.8399470448493958,0.7416,0.7203993797302246,0.7798,0.7588419318199158,0.7663
181,0.926577627658844,0.7447,0.8391302824020386,0.7419,0.7197673916816711,0.7795,0.7588307857513428,0.7668
182,0.9222537279129028,0.7463,0.8365134000778198,0.7435,0.7189164161682129,0.7798,0.7551233172416687,0.7686
183,0.9184170961380005,0.7475,0.8370563387870789,0.7418,0.718117356300354,0.7803,0.7537415027618408,0.7692
184,0.9151948094367981,0.7467,0.839880645275116,0.74,0.717041552066803,0.7793,0.7527453899383545,0.7684
185,0.9112972617149353,0.7468,0.8387874960899353,0.741,0.7169275283813477,0.778,0.7508944272994995,0.7706
186,0.9071811437606812,0.7497,0.8384444117546082,0.7396,0.7166783213615417,0.7784,0.7526451945304871,0.7687
187,0.903984546661377,0.7492,0.8404649496078491,0.7383,0.7157772183418274,0.7776,0.7514808177947998,0.7702
188,0.9010756015777588,0.7488,0.8405579328536987,0.7386,0.7154884934425354,0.7783,0.7513204216957092,0.7696
189,0.8974130749702454,0.7503,0.8381078243255615,0.7396,0.7142864465713501,0.7786,0.7506063580513,0.7695
190,0.8940102458000183,0.751,0.836453914642334,0.74,0.7146252989768982,0.7779,0.7475287318229675,0.7715
191,0.8911246061325073,0.7513,0.8366572260856628,0.7403,0.7134063243865967,0.7786,0.746708333492279,0.7709
192,0.8882808685302734,0.7521,0.8366386890411377,0.7406,0.7135351300239563,0.7773,0.7468729019165039,0.7703
193,0.8853683471679688,0.7534,0.8359981179237366,0.7402,0.7127344608306885,0.7783,0.7468470335006714,0.7697
194,0.8813523650169373,0.7559,0.8323896527290344,0.7407,0.7106084823608398,0.7798,0.7458341121673584,0.7699
195,0.8785309791564941,0.7551,0.83133864402771,0.7412,0.7104249000549316,0.7796,0.7425801753997803,0.7725
196,0.8753550052642822,0.7569,0.8274808526039124,0.744,0.7114500999450684,0.7786,0.7421411871910095,0.7724
197,0.8721045851707458,0.7584,0.8267151117324829,0.744,0.7103673815727234,0.7786,0.7416321039199829,0.7727
198,0.8687527179718018,0.7596,0.8266206979751587,0.7442,0.7094169855117798,0.7796,0.7413861155509949,0.7728
199,0.8660929799079895,0.7588,0.8255718946456909,0.7442,0.7086505889892578,0.7792,0.740385115146637,0.7726
200,0.8624769449234009,0.7588,0.8242299556732178,0.7446,0.7078343629837036,0.7802,0.737377941608429,0.7738
201,0.8594062328338623,0.7589,0.8236887454986572,0.7446,0.7067974805831909,0.7799,0.7374225854873657,0.7738
202,0.8567174077033997,0.7602,0.822433590888977,0.7447,0.706180989742279,0.7796,0.7359801530838013,0.7746
203,0.8532479405403137,0.7616,0.8233904242515564,0.7448,0.7047633528709412,0.7799,0.733573317527771,0.7752
204,0.8500843048095703,0.7623,0.8215005993843079,0.7451,0.7035083770751953,0.7804,0.7321563959121704,0.7753
205,0.8472641706466675,0.7644,0.8205215930938721,0.7455,0.7033601999282837,0.7812,0.7331375479698181,0.7756
206,0.8446449041366577,0.7643,0.819551944732666,0.7451,0.7024762034416199,0.7807,0.7327077984809875,0.7753
207,0.8419050574302673,0.763,0.8192744255065918,0.7456,0.702277421951294,0.7807,0.730873703956604,0.7752
208,0.8401299118995667,0.762,0.8192565441131592,0.7453,0.7022425532341003,0.7803,0.7295295000076294,0.7747
209,0.8371281027793884,0.763,0.8184508085250854,0.7453,0.7025295495986938,0.7792,0.7282460927963257,0.7756
210,0.8342783451080322,0.7636,0.8164858222007751,0.7463,0.7007032036781311,0.7811,0.7303006052970886,0.773
211,0.8324280977249146,0.7635,0.815463125705719,0.7467,0.7001872658729553,0.7813,0.7325523495674133,0.7708
212,0.8295474648475647,0.7635,0.8136398196220398,0.7473,0.699027419090271,0.7823,0.7295327186584473,0.773
213,0.8263372778892517,0.7649,0.814441442489624,0.7465,0.6985672116279602,0.7815,0.7283163070678711,0.7733
214,0.8239264488220215,0.7652,0.8139434456825256,0.7472,0.6981973648071289,0.7823,0.7283150553703308,0.7732
215,0.8212122321128845,0.7654,0.8137242197990417,0.7465,0.6982585787773132,0.7816,0.726125955581665,0.7755
216,0.8186413645744324,0.7665,0.8126078844070435,0.7474,0.6963886022567749,0.7825,0.7250475883483887,0.7762
217,0.8158600330352783,0.7668,0.8124045729637146,0.747,0.6946561932563782,0.784,0.7234869003295898,0.7758
218,0.8137266635894775,0.7672,0.8139781355857849,0.7471,0.6938891410827637,0.7839,0.7233636379241943,0.7762
219,0.8108161091804504,0.7682,0.8134903907775879,0.7468,0.6929759383201599,0.7843,0.7217618823051453,0.7775
220,0.8084543943405151,0.7691,0.8128327131271362,0.7477,0.6920167207717896,0.7847,0.7192427515983582,0.7782
221,0.806326150894165,0.7692,0.8139681816101074,0.7472,0.6921621561050415,0.7839,0.7189304828643799,0.7784
222,0.8035547137260437,0.7696,0.8112021684646606,0.7474,0.6921342611312866,0.7835,0.7181263566017151,0.7781
223,0.8014926910400391,0.7705,0.8122899532318115,0.7467,0.6923439502716064,0.7833,0.7173827886581421,0.7783
224,0.7994949221611023,0.7699,0.8152612447738647,0.7457,0.693315327167511,0.7832,0.7153223752975464,0.778
225,0.7971462607383728,0.7714,0.8137465119361877,0.7476,0.6925491690635681,0.784,0.7144466042518616,0.7786
226,0.7952296137809753,0.7703,0.81300950050354,0.7464,0.6913089156150818,0.7845,0.7156431674957275,0.7779
227,0.7925577163696289,0.7722,0.8099987506866455,0.7479,0.689020574092865,0.7845,0.7143280506134033,0.7782
228,0.790422797203064,0.7721,0.8100981116294861,0.7478,0.6881218552589417,0.7848,0.7130005955696106,0.7784
229,0.7881098389625549,0.7711,0.8087881803512573,0.7494,0.6875479817390442,0.7848,0.7100522518157959,0.7798
230,0.7866201996803284,0.7713,0.8082281351089478,0.7489,0.6890125870704651,0.7839,0.7101558446884155,0.7796
231,0.7838106155395508,0.7719,0.8068936467170715,0.7494,0.6880942583084106,0.7839,0.7090102434158325,0.7799
232,0.7823155522346497,0.7724,0.8073344826698303,0.7491,0.6882036328315735,0.7841,0.7080163359642029,0.7801
233,0.7803531289100647,0.7731,0.8054773211479187,0.7493,0.6874976754188538,0.7845,0.7068779468536377,0.7803
234,0.7776282429695129,0.7738,0.8039115071296692,0.7493,0.6852218508720398,0.785,0.7065709233283997,0.78
235,0.7757670879364014,0.7749,0.8037559390068054,0.7495,0.6839383840560913,0.7854,0.704724907875061,0.7817
236,0.7736780047416687,0.7756,0.8029748201370239,0.7504,0.6843423843383789,0.7856,0.7037290930747986,0.7822
237,0.7719690203666687,0.7767,0.8020222783088684,0.75,0.6835049986839294,0.7851,0.7026809453964233,0.7816
238,0.7700672149658203,0.7774,0.8025510907173157,0.7501,0.6841707229614258,0.7856,0.7032467126846313,0.7812
239,0.768340528011322,0.7781,0.8024240732192993,0.7498,0.6849685907363892,0.7841,0.7026049494743347,0.7814
240,0.766106128692627,0.7782,0.8013918399810791,0.7507,0.6849468946456909,0.7844,0.7022453546524048,0.7815
241,0.7648520469665527,0.7779,0.8029924035072327,0.7498,0.6843497157096863,0.7843,0.7020294666290283,0.7801
242,0.7626595497131348,0.7782,0.8014225363731384,0.7504,0.6836191415786743,0.7846,0.6999197006225586,0.7827
243,0.7614704370498657,0.7791,0.8002279996871948,0.7506,0.6832578182220459,0.7845,0.6986069083213806,0.7826
244,0.7597128748893738,0.7798,0.7996585965156555,0.7504,0.6836709380149841,0.7847,0.6981353759765625,0.7834
245,0.7574887871742249,0.7806,0.7997915744781494,0.7503,0.6833785772323608,0.7842,0.6979919672012329,0.783
246,0.7557226419448853,0.7804,0.7984427809715271,0.7509,0.683271586894989,0.7836,0.6974458694458008,0.7834
247,0.754079282283783,0.781,0.7981818318367004,0.7508,0.683509349822998,0.7837,0.696751058101654,0.7835
248,0.7517645359039307,0.782,0.7958213090896606,0.7527,0.6830877661705017,0.7842,0.6967926025390625,0.7832
249,0.7498013377189636,0.7811,0.7966421842575073,0.7522,0.6812083125114441,0.7839,0.6963643431663513,0.7832
250,0.7477710843086243,0.7808,0.7974097728729248,0.7513,0.6800015568733215,0.7847,0.6951274275779724,0.7841
251,0.7466984987258911,0.7822,0.7982838749885559,0.7509,0.6797069311141968,0.7847,0.6951345205307007,0.7839
252,0.7450355291366577,0.7831,0.7969563603401184,0.7509,0.6801463961601257,0.7848,0.6954904198646545,0.784
253,0.743338406085968,0.783,0.7969502806663513,0.7505,0.6797189712524414,0.7849,0.6940908432006836,0.7837
254,0.7412175536155701,0.7834,0.7951489090919495,0.7518,0.6789109110832214,0.7852,0.6931886672973633,0.7831
255,0.7397998571395874,0.7841,0.7940183877944946,0.752,0.6796911358833313,0.7843,0.6943153738975525,0.7819
256,0.7383173108100891,0.784,0.7941847443580627,0.7527,0.6797985434532166,0.7843,0.6935781836509705,0.7832
257,0.7367416620254517,0.784,0.7930753827095032,0.7533,0.6798423528671265,0.7839,0.6921138167381287,0.7838
258,0.7352975606918335,0.7851,0.7929626703262329,0.7529,0.6796265840530396,0.7837,0.6917195320129395,0.7829
259,0.7340202331542969,0.7855,0.7924365401268005,0.7525,0.6801111102104187,0.783,0.6905861496925354,0.7832
260,0.732681393623352,0.7853,0.7927510738372803,0.753,0.680626630783081,0.7822,0.6895753145217896,0.7844
261,0.731462299823761,0.7855,0.7940652966499329,0.7522,0.6794059872627258,0.7835,0.6901665329933167,0.7831
262,0.7299030423164368,0.7852,0.7936807870864868,0.7526,0.6790468692779541,0.783,0.6891060471534729,0.784
263,0.7278805375099182,0.7856,0.7947364449501038,0.7516,0.6789919137954712,0.7837,0.6873860359191895,0.785
264,0.7257035970687866,0.7868,0.792971134185791,0.7523,0.6790225505828857,0.7836,0.6874011754989624,0.785
265,0.7241575717926025,0.7872,0.7917866706848145,0.7533,0.6775409579277039,0.7844,0.6877457499504089,0.785
266,0.7224170565605164,0.7872,0.7917038798332214,0.7536,0.6765756607055664,0.785,0.687507688999176,0.7848
267,0.7209590077400208,0.7879,0.7923631072044373,0.7536,0.6763274669647217,0.7842,0.689251184463501,0.7844
268,0.7189730405807495,0.7877,0.7939509749412537,0.7529,0.6748037934303284,0.7854,0.6886305809020996,0.7838
269,0.7179354429244995,0.7871,0.7923482656478882,0.7536,0.6750816106796265,0.7844,0.6882524490356445,0.7839
270,0.7165051698684692,0.7883,0.7930493950843811,0.7526,0.6748430132865906,0.785,0.6883100867271423,0.7842
271,0.7145910859107971,0.7893,0.7909987568855286,0.7534,0.675277829170227,0.7838,0.6869825124740601,0.7856
272,0.7128412127494812,0.7904,0.7904826998710632,0.7537,0.6748042702674866,0.7841,0.6884048581123352,0.7848
273,0.7115046977996826,0.7904,0.7900046706199646,0.754,0.6749568581581116,0.784,0.6873632669448853,0.7842
274,0.7099594473838806,0.7909,0.7885129451751709,0.7552,0.6744599342346191,0.7845,0.6870275139808655,0.7843
275,0.7092057466506958,0.7903,0.7879588603973389,0.7552,0.6745703220367432,0.7842,0.6881763935089111,0.7829
276,0.7078219652175903,0.7906,0.7888036966323853,0.7545,0.6747740507125854,0.7846,0.6855539083480835,0.7846
277,0.7063402533531189,0.7903,0.7880104780197144,0.7548,0.6744471192359924,0.7837,0.6857905387878418,0.7837
278,0.7050561904907227,0.7907,0.7894420027732849,0.7543,0.6737010478973389,0.7842,0.6846134066581726,0.7844
279,0.7039032578468323,0.7914,0.789293646812439,0.7544,0.6740267872810364,0.7847,0.683860719203949,0.7849
280,0.7027550935745239,0.791,0.7903009653091431,0.7538,0.673337996006012,0.7834,0.6824109554290771,0.7857
281,0.7015835046768188,0.7909,0.7896321415901184,0.7535,0.6733707785606384,0.7844,0.6815075874328613,0.7856
282,0.700332522392273,0.7912,0.7912600040435791,0.7527,0.6736475825309753,0.7829,0.6801637411117554,0.7861
283,0.6985030770301819,0.7922,0.7904664874076843,0.7541,0.67153400182724,0.7847,0.6801089644432068,0.7867
284,0.6973426938056946,0.7923,0.7888652086257935,0.7546,0.6721716523170471,0.7838,0.6800894737243652,0.7857
285,0.696373701095581,0.7924,0.7882811427116394,0.7541,0.671608567237854,0.7845,0.6804912090301514,0.7863
286,0.6951619386672974,0.7937,0.7887322306632996,0.7544,0.6713224649429321,0.7841,0.6795215606689453,0.7864
287,0.6932566165924072,0.7927,0.787908673286438,0.7547,0.6707208752632141,0.7848,0.678116500377655,0.7871
288,0.6921226382255554,0.7929,0.786802351474762,0.7551,0.6702167987823486,0.7854,0.6786330938339233,0.7869
289,0.6903457641601562,0.7944,0.7876300811767578,0.7552,0.6696280241012573,0.7848,0.6780346035957336,0.7877
290,0.6890708804130554,0.7959,0.7874029278755188,0.7544,0.6714044213294983,0.7838,0.6771398186683655,0.7879
291,0.6880497932434082,0.7949,0.7878407835960388,0.754,0.6705008149147034,0.7843,0.6776936054229736,0.7869
292,0.6868436932563782,0.7957,0.7880510091781616,0.7538,0.6697978973388672,0.7839,0.6778616309165955,0.7874
293,0.6854956746101379,0.796,0.7883849143981934,0.7538,0.6700352430343628,0.7838,0.6785410046577454,0.787
294,0.6840598583221436,0.7963,0.7863456606864929,0.7548,0.6700136065483093,0.7836,0.677985668182373,0.7869
295,0.6829021573066711,0.7961,0.7865895628929138,0.7549,0.6700664758682251,0.7837,0.6774405241012573,0.7878
296,0.6819173693656921,0.7964,0.7882319688796997,0.7546,0.6709874272346497,0.7832,0.6773155331611633,0.7877
297,0.6808778047561646,0.7971,0.7858392000198364,0.7547,0.6707139611244202,0.7829,0.678115725517273,0.7868
298,0.6797047853469849,0.7982,0.7854083776473999,0.7549,0.669384777545929,0.7828,0.6784302592277527,0.787
299,0.6782428622245789,0.7987,0.7845033407211304,0.7555,0.6686508655548096,0.7835,0.6782187819480896,0.7869
300,0.676889181137085,0.7991,0.7852090001106262,0.7549,0.6683115363121033,0.7837,0.6781330108642578,0.7867
301,0.6755203008651733,0.8,0.7860956788063049,0.7542,0.6688122749328613,0.7836,0.6776027083396912,0.7872
302,0.6742098927497864,0.7993,0.7850832939147949,0.7549,0.667782723903656,0.7841,0.6770713925361633,0.7871
303,0.6726188659667969,0.7996,0.7864304780960083,0.754,0.6672197580337524,0.7844,0.6762787103652954,0.7878
304,0.6717507243156433,0.7995,0.7864854335784912,0.7548,0.6673617959022522,0.7843,0.6762893199920654,0.7874
305,0.6706792116165161,0.7997,0.7847356200218201,0.7559,0.6668652296066284,0.7847,0.6757948398590088,0.7879
306,0.6707137227058411,0.8003,0.7860931754112244,0.7552,0.6685172319412231,0.7839,0.6756671071052551,0.7874
307,0.669808566570282,0.8006,0.7872704863548279,0.754,0.6684622168540955,0.7839,0.6759562492370605,0.7875
308,0.6688304543495178,0.8013,0.7852360606193542,0.7555,0.6674030423164368,0.7843,0.6747022271156311,0.7883
309,0.6677530407905579,0.801,0.7853781580924988,0.7556,0.6665380597114563,0.7846,0.6735122203826904,0.789
310,0.6663792133331299,0.801,0.7853748202323914,0.7543,0.6667746901512146,0.7843,0.6728689670562744,0.789
311,0.6656363010406494,0.8011,0.7846518754959106,0.7552,0.6664641499519348,0.7848,0.6730198264122009,0.7898
312,0.6645581126213074,0.8015,0.7851026058197021,0.7544,0.6668685674667358,0.7843,0.6722843050956726,0.7896
313,0.6635158061981201,0.8008,0.7860971093177795,0.7535,0.6663671135902405,0.7848,0.6710084080696106,0.7901
314,0.66231769323349,0.8018,0.7851293683052063,0.7537,0.6661257743835449,0.785,0.6696792244911194,0.7901
315,0.6616219878196716,0.8015,0.7866097092628479,0.7533,0.6664450168609619,0.7845,0.6697459816932678,0.7904
316,0.6603473424911499,0.8019,0.7865357995033264,0.7535,0.6664295792579651,0.784,0.6695828437805176,0.7901
317,0.6591693162918091,0.8015,0.7867141366004944,0.7538,0.6650934815406799,0.7851,0.6688855886459351,0.79
318,0.6579409241676331,0.8022,0.7854867577552795,0.7544,0.6655502319335938,0.7841,0.669022262096405,0.7902
319,0.6567732095718384,0.8034,0.7847446203231812,0.7552,0.6653057932853699,0.7846,0.668158769607544,0.7907
320,0.6555790901184082,0.8031,0.7840393781661987,0.7554,0.6655591726303101,0.7848,0.6679393649101257,0.7906
321,0.6548247933387756,0.8035,0.7842965722084045,0.7552,0.6659691333770752,0.784,0.6684049963951111,0.7896
322,0.653439462184906,0.8039,0.7836850881576538,0.755,0.6659851670265198,0.7839,0.6669034957885742,0.7903
323,0.6519469022750854,0.8042,0.7840743064880371,0.7555,0.6649001836776733,0.785,0.6663041710853577,0.7905
324,0.650784432888031,0.8044,0.7831466197967529,0.7557,0.6635184288024902,0.7857,0.6663355231285095,0.7911
325,0.6501980423927307,0.8039,0.7818138003349304,0.7561,0.6640731692314148,0.7856,0.6658841967582703,0.7909
326,0.6495335698127747,0.8043,0.7820655107498169,0.7561,0.6640782356262207,0.785,0.6653955578804016,0.791
327,0.6483966708183289,0.8046,0.7821940779685974,0.756,0.664035439491272,0.7855,0.6646321415901184,0.7907
328,0.64792400598526,0.8054,0.7832188606262207,0.7558,0.6633567214012146,0.786,0.6653794646263123,0.7909
329,0.6474670171737671,0.8056,0.7832044959068298,0.7559,0.6637003421783447,0.7855,0.6652604341506958,0.7904
330,0.6461076140403748,0.8058,0.7836503386497498,0.7555,0.6633377075195312,0.7864,0.6641682386398315,0.7904
331,0.6447732448577881,0.8055,0.7838597297668457,0.7555,0.6620498299598694,0.7872,0.6642946600914001,0.7913
332,0.6438906192779541,0.8063,0.7821583151817322,0.756,0.6620490550994873,0.787,0.6652215123176575,0.79
333,0.643232524394989,0.8059,0.7826858162879944,0.7565,0.6625550389289856,0.7867,0.6655778884887695,0.7902
334,0.642512857913971,0.8058,0.7829107642173767,0.7556,0.6630368828773499,0.7866,0.6654409170150757,0.7909
335,0.641976535320282,0.8061,0.7828385233879089,0.7555,0.663661777973175,0.7861,0.6664860248565674,0.7892
336,0.6410568356513977,0.8071,0.7828230261802673,0.756,0.6639773845672607,0.7849,0.666122317314148,0.7894
337,0.6407350301742554,0.8063,0.7832410931587219,0.7561,0.6640976667404175,0.785,0.6654812693595886,0.7897
338,0.6398802995681763,0.8067,0.7843198180198669,0.7558,0.6628579497337341,0.7857,0.6653330326080322,0.7901
339,0.6390130519866943,0.8069,0.7841503620147705,0.7551,0.6621949076652527,0.786,0.6647440195083618,0.7903
340,0.6381538510322571,0.8071,0.7844676971435547,0.7548,0.6611278057098389,0.7866,0.6647138595581055,0.7902
341,0.6378403902053833,0.8067,0.7854560017585754,0.7555,0.6614895462989807,0.7866,0.6655532121658325,0.7899
342,0.636803150177002,0.807,0.7851288914680481,0.7558,0.6620718836784363,0.7858,0.6647707223892212,0.7901
343,0.6356746554374695,0.8078,0.7845034003257751,0.7561,0.661729097366333,0.7852,0.6642966866493225,0.7906
344,0.6347336173057556,0.8081,0.7832208275794983,0.7568,0.6615442633628845,0.7856,0.6640136241912842,0.7908
345,0.6338707208633423,0.8083,0.7832403779029846,0.7567,0.6615043878555298,0.7854,0.6642538905143738,0.7901
346,0.6331056356430054,0.8098,0.7823873162269592,0.7564,0.6619544625282288,0.7859,0.663780927658081,0.7909
347,0.6324817538261414,0.8092,0.7817331552505493,0.7575,0.6620655655860901,0.786,0.6628259420394897,0.7914
348,0.6315382719039917,0.8091,0.7827320098876953,0.7569,0.6613354086875916,0.7856,0.6634764075279236,0.7913
349,0.6298285722732544,0.8096,0.7819393277168274,0.757,0.6613934636116028,0.786,0.6627140045166016,0.7912
350,0.6291716694831848,0.81,0.7810142636299133,0.7564,0.6620184183120728,0.7858,0.6638319492340088,0.7906
351,0.628671407699585,0.8104,0.7810558676719666,0.7568,0.6622986197471619,0.7852,0.663123369216919,0.7908
352,0.6274306774139404,0.8099,0.7810760140419006,0.7561,0.662282407283783,0.7847,0.6621888279914856,0.7914
353,0.6267107129096985,0.8109,0.7817031145095825,0.7569,0.6615351438522339,0.7853,0.6626968383789062,0.7914
354,0.6262645721435547,0.8111,0.7822279930114746,0.7565,0.6606371402740479,0.7867,0.6628509163856506,0.7911
355,0.6258438229560852,0.8109,0.7815345525741577,0.7568,0.6608532071113586,0.7866,0.6630263924598694,0.7907
356,0.6250157356262207,0.8107,0.7817427515983582,0.7568,0.6605179905891418,0.7865,0.6626870632171631,0.7914
357,0.6241382956504822,0.8119,0.7806262969970703,0.7572,0.6598656177520752,0.7863,0.6624252796173096,0.7911
358,0.6231323480606079,0.8117,0.7813311219215393,0.7569,0.6595349907875061,0.7873,0.6626253128051758,0.7907
359,0.6223068833351135,0.8129,0.780606746673584,0.7575,0.6605802774429321,0.7859,0.6629042029380798,0.7907
360,0.6220905780792236,0.8133,0.781113862991333,0.7567,0.6608708500862122,0.7859,0.6633750200271606,0.7908
361,0.6219611167907715,0.813,0.7810834050178528,0.7572,0.6617270112037659,0.785,0.6639252305030823,0.7902
362,0.6214738488197327,0.813,0.78157639503479,0.7575,0.6620486378669739,0.7851,0.662306010723114,0.7912
363,0.6206674575805664,0.8125,0.7813298106193542,0.7567,0.6611911058425903,0.7858,0.6624805927276611,0.7905
364,0.6195403337478638,0.8134,0.7808399200439453,0.7571,0.6614162921905518,0.7858,0.6630976796150208,0.7903
365,0.6192182898521423,0.8128,0.7808796167373657,0.7573,0.6613512635231018,0.7856,0.662731945514679,0.7904
366,0.6182711720466614,0.8131,0.7799327969551086,0.7576,0.6600297689437866,0.7864,0.6632810831069946,0.7899
367,0.6175730228424072,0.8131,0.7815489768981934,0.7568,0.6600294709205627,0.7865,0.6635610461235046,0.7904
368,0.6162002086639404,0.8144,0.7803196310997009,0.7569,0.6595895886421204,0.7865,0.6629019975662231,0.7903
369,0.6157680749893188,0.8144,0.780617356300354,0.7565,0.6597700715065002,0.7864,0.662627100944519,0.7899
370,0.6149436235427856,0.8144,0.7813873291015625,0.7567,0.6593118906021118,0.7866,0.6626486778259277,0.79
371,0.6143435835838318,0.8148,0.7811391353607178,0.7568,0.6594016551971436,0.7866,0.6621840000152588,0.7904
372,0.6137205362319946,0.8142,0.7810447812080383,0.7572,0.6600503921508789,0.786,0.6630882620811462,0.7899
373,0.6134477257728577,0.8144,0.7810807824134827,0.7571,0.6608496904373169,0.7862,0.6625032424926758,0.7903
374,0.6122952103614807,0.8147,0.7812255620956421,0.7571,0.6594007015228271,0.7871,0.661939263343811,0.7906
375,0.6118867993354797,0.815,0.7814813852310181,0.7572,0.6595746278762817,0.7869,0.6616490483283997,0.7902
376,0.6111596822738647,0.8144,0.7805095911026001,0.7569,0.6591941118240356,0.7872,0.6617658734321594,0.7908
377,0.6104391813278198,0.8156,0.7804747819900513,0.7569,0.6589470505714417,0.7874,0.6614198684692383,0.7911
378,0.6092032194137573,0.8155,0.7797649502754211,0.7573,0.6590710878372192,0.7877,0.6599780321121216,0.7912
379,0.6087368726730347,0.8158,0.780007541179657,0.7574,0.6588784456253052,0.7876,0.6598015427589417,0.791
380,0.6082108616828918,0.8157,0.7798645496368408,0.7578,0.6592668890953064,0.787,0.6602046489715576,0.7915
381,0.6075130105018616,0.8157,0.7797629833221436,0.7578,0.6593369245529175,0.7874,0.6596726179122925,0.7915
382,0.6064637899398804,0.8163,0.7800505757331848,0.758,0.6590731739997864,0.7873,0.6582018136978149,0.7922
383,0.6062037944793701,0.8164,0.7791658043861389,0.7582,0.6593745946884155,0.7869,0.6586132049560547,0.7918
384,0.6056329011917114,0.817,0.7794961929321289,0.7578,0.6595402359962463,0.786,0.6586564183235168,0.7919
385,0.6049068570137024,0.8171,0.7794716358184814,0.7583,0.6588289737701416,0.7872,0.6585878133773804,0.7917
386,0.604074239730835,0.8175,0.7791174650192261,0.7585,0.6582095623016357,0.7873,0.658764660358429,0.792
387,0.6036792993545532,0.8166,0.779153048992157,0.7588,0.6578537821769714,0.7871,0.6583471894264221,0.7921
388,0.6034974455833435,0.8172,0.7786358594894409,0.7583,0.6582897305488586,0.7869,0.658608078956604,0.7921
389,0.6030309200286865,0.8175,0.7788751721382141,0.7582,0.6588578820228577,0.7863,0.6577551960945129,0.7923
390,0.6027718782424927,0.8168,0.7791042923927307,0.7585,0.658591091632843,0.7867,0.6576367616653442,0.7929
391,0.6014853715896606,0.8175,0.7800838947296143,0.7582,0.6578248143196106,0.7869,0.6573114991188049,0.7931
392,0.6008594036102295,0.8176,0.7796952724456787,0.7582,0.6575765609741211,0.7871,0.6571478247642517,0.7932
393,0.6006981730461121,0.8177,0.7788083553314209,0.7582,0.6576747894287109,0.7874,0.6572478413581848,0.7929
394,0.6003882884979248,0.8175,0.779485821723938,0.7577,0.6574621200561523,0.7875,0.6576253771781921,0.7929
395,0.600161612033844,0.8176,0.7801334261894226,0.757,0.6577253937721252,0.787,0.6589238047599792,0.7927
396,0.5995929837226868,0.8181,0.7805734872817993,0.7572,0.6576647758483887,0.7874,0.6589989066123962,0.7925
397,0.5986902117729187,0.8185,0.7812007665634155,0.7571,0.657162070274353,0.7879,0.6588055491447449,0.7924
398,0.5975977778434753,0.8184,0.780718207359314,0.7575,0.6574046611785889,0.788,0.6580827832221985,0.7928
399,0.5971905589103699,0.8187,0.7813853621482849,0.7573,0.6574020981788635,0.7882,0.6586213111877441,0.7926
400,0.596930980682373,0.8194,0.7805196642875671,0.7575,0.6577207446098328,0.7881,0.6580010652542114,0.7928
401,0.596626341342926,0.82,0.7800388932228088,0.7577,0.6577898859977722,0.7878,0.6581891179084778,0.7921
402,0.5959913730621338,0.8192,0.7796640396118164,0.7576,0.657798707485199,0.788,0.658516526222229,0.7918
403,0.596071183681488,0.8192,0.7794159054756165,0.758,0.6585639119148254,0.7874,0.6576130390167236,0.7926
404,0.5955190658569336,0.8188,0.7799558043479919,0.758,0.6583533883094788,0.7878,0.6569870710372925,0.7923
405,0.5949238538742065,0.8196,0.7784876823425293,0.7572,0.6583465337753296,0.7873,0.6564262509346008,0.7927
406,0.5939406156539917,0.8195,0.779084324836731,0.7575,0.6573229432106018,0.7879,0.6566457152366638,0.793
407,0.5933400392532349,0.8196,0.7788861393928528,0.7583,0.6572908759117126,0.7877,0.6567083597183228,0.7927
408,0.5921890735626221,0.8196,0.7787080407142639,0.7581,0.6569347381591797,0.7881,0.6553205847740173,0.7933
409,0.5913951396942139,0.8201,0.7783655524253845,0.7582,0.6568288803100586,0.7881,0.6548823118209839,0.7933
410,0.590798556804657,0.8199,0.7780375480651855,0.758,0.6565676927566528,0.7878,0.6555894613265991,0.7926
411,0.590586245059967,0.8202,0.7793505787849426,0.7583,0.6562356352806091,0.7881,0.6564688682556152,0.7925
412,0.5897018909454346,0.8203,0.7795806527137756,0.7588,0.6567321419715881,0.7877,0.6558303833007812,0.7933
413,0.5885753631591797,0.8212,0.7790774703025818,0.7579,0.6575019359588623,0.7879,0.6553734540939331,0.7939
414,0.5880429744720459,0.8217,0.779326856136322,0.7582,0.6570835113525391,0.788,0.6556748151779175,0.7934
415,0.5872622132301331,0.8221,0.7799481153488159,0.7589,0.6571244597434998,0.7877,0.655999481678009,0.7932
416,0.5866744518280029,0.822,0.7794497609138489,0.7583,0.6566333174705505,0.7877,0.655724823474884,0.7931
417,0.58644700050354,0.8223,0.780997097492218,0.7586,0.6568514704704285,0.7879,0.6554534435272217,0.793
418,0.5867114067077637,0.8226,0.7809013724327087,0.7586,0.6570339798927307,0.7877,0.655224084854126,0.7933
419,0.5857307314872742,0.8224,0.7802726030349731,0.7589,0.6570720672607422,0.788,0.6548714637756348,0.7937
420,0.5851697325706482,0.823,0.7802733182907104,0.7586,0.6566935181617737,0.7879,0.6545840501785278,0.7939
421,0.5842424035072327,0.8229,0.7805216908454895,0.7588,0.6561217904090881,0.7878,0.6550999283790588,0.7938
422,0.5837266445159912,0.8232,0.7799109816551208,0.7589,0.6567284464836121,0.7876,0.6555150151252747,0.794
423,0.5833529233932495,0.8232,0.7806806564331055,0.759,0.6564510464668274,0.7876,0.6559297442436218,0.793
424,0.5831053256988525,0.8236,0.78061443567276,0.7591,0.6574554443359375,0.7875,0.6548436880111694,0.7935
425,0.5823696255683899,0.8236,0.7811785340309143,0.7588,0.6564991474151611,0.7879,0.6543501019477844,0.7927
426,0.5821056365966797,0.8234,0.7805488109588623,0.7586,0.6561970710754395,0.7883,0.6544731855392456,0.7931
427,0.5811066627502441,0.8233,0.7807208895683289,0.7586,0.655571699142456,0.7879,0.6541427969932556,0.7935
428,0.5806881189346313,0.8239,0.7814603447914124,0.7592,0.6561629772186279,0.7877,0.6546229720115662,0.7937
429,0.5801472663879395,0.8239,0.7808226346969604,0.7587,0.6557634472846985,0.7882,0.6546095013618469,0.7938
430,0.5793862342834473,0.8236,0.7812363505363464,0.7584,0.6558412909507751,0.788,0.6538375020027161,0.7942
431,0.5785602927207947,0.824,0.7809084057807922,0.7584,0.6559869647026062,0.7879,0.6539978384971619,0.7942
432,0.5777671933174133,0.8243,0.7821483016014099,0.7581,0.6566399335861206,0.7877,0.6535634994506836,0.7938
433,0.5774974822998047,0.8244,0.7815234661102295,0.758,0.6563626527786255,0.787,0.6536251902580261,0.7933
434,0.5770713686943054,0.824,0.7818634510040283,0.7582,0.6566356420516968,0.7876,0.6525410413742065,0.794
435,0.576439380645752,0.8244,0.7824156880378723,0.7583,0.6566118001937866,0.7869,0.6523565053939819,0.7935
436,0.5757920145988464,0.8248,0.7822433114051819,0.7582,0.6563970446586609,0.7871,0.6521080732345581,0.7939
437,0.575669527053833,0.8251,0.7820191383361816,0.7582,0.6567314267158508,0.787,0.6517849564552307,0.7939
438,0.5752192735671997,0.8247,0.7820930480957031,0.7582,0.6569876074790955,0.787,0.6516762971878052,0.7942
439,0.5749512314796448,0.8248,0.7821577191352844,0.7587,0.6566622853279114,0.787,0.651875913143158,0.7939
440,0.5746040940284729,0.8247,0.7823755145072937,0.7588,0.6567713618278503,0.7872,0.6522702574729919,0.7942
441,0.5744550824165344,0.8247,0.7831811308860779,0.7577,0.6568525433540344,0.7868,0.6522719264030457,0.7939
442,0.5739704370498657,0.825,0.7824099659919739,0.7584,0.6563618779182434,0.7876,0.6528034210205078,0.7934
443,0.5733698010444641,0.8252,0.7833112478256226,0.7581,0.6557390689849854,0.7875,0.6520954966545105,0.7935
444,0.572790265083313,0.825,0.7833324670791626,0.7585,0.6553074717521667,0.7871,0.6520947217941284,0.7932
445,0.572533369064331,0.8247,0.7838920950889587,0.7579,0.65616774559021,0.7878,0.652915358543396,0.7931
446,0.5723658204078674,0.8253,0.7848682403564453,0.7579,0.6562047600746155,0.7874,0.6537001132965088,0.7934
447,0.5717588663101196,0.8258,0.7843987941741943,0.7581,0.6564677357673645,0.7868,0.6534243226051331,0.7936
448,0.5713468790054321,0.8263,0.7853159308433533,0.7581,0.6561417579650879,0.7878,0.6533249020576477,0.7931
449,0.5710083842277527,0.8265,0.7849798798561096,0.7578,0.6563350558280945,0.7881,0.6529280543327332,0.7934
450,0.5702584981918335,0.8255,0.7860285043716431,0.7579,0.656636118888855,0.7873,0.6523889899253845,0.7936
451,0.5704085230827332,0.8259,0.7860122323036194,0.7577,0.656104326248169,0.7879,0.6523928642272949,0.7932
452,0.5698114037513733,0.8262,0.7855568528175354,0.7575,0.6560568809509277,0.7881,0.6526750326156616,0.793
453,0.5692442655563354,0.8266,0.7836500406265259,0.7587,0.6557214856147766,0.7876,0.6530526280403137,0.793
454,0.5686743259429932,0.8266,0.7830559611320496,0.7586,0.6558048129081726,0.7881,0.6526205539703369,0.7931
455,0.5687402486801147,0.8262,0.7825098633766174,0.7586,0.6558889746665955,0.7881,0.6527307629585266,0.7933
456,0.567866325378418,0.8264,0.7828065752983093,0.7582,0.6553621888160706,0.7882,0.6522021293640137,0.7932
457,0.5674031972885132,0.826,0.7823591232299805,0.7583,0.6552785038948059,0.7884,0.6522986888885498,0.7931
458,0.5664151310920715,0.8267,0.7832120060920715,0.758,0.6549065709114075,0.7887,0.6514427065849304,0.7935
459,0.5660551190376282,0.8269,0.7839322686195374,0.758,0.6554110646247864,0.788,0.6515558362007141,0.7939
460,0.5658048987388611,0.8265,0.7833101749420166,0.7584,0.6557150483131409,0.7879,0.652121901512146,0.7939
461,0.565475583076477,0.8265,0.7830455899238586,0.7582,0.6561047434806824,0.7874,0.6515737175941467,0.7935
462,0.5646113157272339,0.827,0.7822321653366089,0.7583,0.6556295156478882,0.7878,0.650829017162323,0.7945
463,0.5637776255607605,0.827,0.7829371690750122,0.7583,0.655515193939209,0.7881,0.6504409313201904,0.7945
464,0.5634188652038574,0.8273,0.7835227251052856,0.7583,0.6555900573730469,0.7875,0.6494460701942444,0.7952
465,0.5635257363319397,0.8275,0.7833017706871033,0.7581,0.6559838652610779,0.7879,0.6491994261741638,0.7946
466,0.5632034540176392,0.8273,0.7840175032615662,0.7579,0.6560454368591309,0.7875,0.6493493914604187,0.7944
467,0.5624486207962036,0.8276,0.7840531468391418,0.7578,0.6558361053466797,0.7879,0.6489878296852112,0.7946
468,0.5619013905525208,0.8282,0.783007025718689,0.7579,0.6558906435966492,0.788,0.6487270593643188,0.7948
469,0.5616907477378845,0.8278,0.7831442952156067,0.7581,0.6560595631599426,0.7877,0.649502158164978,0.7946
470,0.5609505772590637,0.8284,0.7838514447212219,0.758,0.6557310819625854,0.7882,0.6490895748138428,0.7945
471,0.5608775615692139,0.8288,0.7848939895629883,0.758,0.6552819013595581,0.7877,0.6499181389808655,0.7941
472,0.560130774974823,0.8287,0.7844588160514832,0.758,0.6550378799438477,0.7877,0.6498332619667053,0.7947
473,0.5601031184196472,0.8279,0.7833152413368225,0.758,0.6552355289459229,0.7879,0.6501210927963257,0.7941
474,0.5594121813774109,0.8283,0.7838255763053894,0.7583,0.6549352407455444,0.7879,0.6508185267448425,0.7942
475,0.5592700242996216,0.8286,0.7836088538169861,0.7581,0.6554125547409058,0.7881,0.6507821083068848,0.794
476,0.5590959191322327,0.8287,0.7826827168464661,0.7585,0.6544685363769531,0.7882,0.6508150100708008,0.7939
477,0.5588212609291077,0.8278,0.783757746219635,0.758,0.6546878814697266,0.7884,0.6510982513427734,0.794
478,0.5584440231323242,0.8281,0.7829437255859375,0.7584,0.6544633507728577,0.7887,0.650947630405426,0.794
479,0.5581933259963989,0.8284,0.7833520770072937,0.758,0.6551547050476074,0.7881,0.6506991982460022,0.7939
480,0.5575792193412781,0.8281,0.7833088636398315,0.758,0.654914915561676,0.7881,0.6504868865013123,0.7941
481,0.5576061606407166,0.8289,0.7838797569274902,0.758,0.65491783618927,0.7881,0.6504693627357483,0.7938
482,0.5569915771484375,0.8294,0.7851806879043579,0.7577,0.6547724008560181,0.7885,0.6500989198684692,0.7947
483,0.5567111372947693,0.8293,0.7837007641792297,0.7579,0.6543615460395813,0.7891,0.6504907011985779,0.7938
484,0.5565721392631531,0.8291,0.7852540016174316,0.7577,0.6545579433441162,0.7888,0.6512495279312134,0.7933
485,0.556252121925354,0.8296,0.7839122414588928,0.7588,0.6548030972480774,0.7887,0.6507981419563293,0.7935
486,0.5559535622596741,0.8302,0.783943235874176,0.7582,0.6548163294792175,0.789,0.6497690677642822,0.7946
487,0.5555629134178162,0.8291,0.7835246920585632,0.7593,0.654536247253418,0.7886,0.6496756076812744,0.7947
488,0.5550190210342407,0.8293,0.7831956744194031,0.7596,0.6545506715774536,0.7885,0.6499176621437073,0.7946
489,0.5544357299804688,0.83,0.7834113240242004,0.7592,0.6540819406509399,0.7891,0.6499083042144775,0.7942
490,0.5533432364463806,0.8309,0.7846570014953613,0.7582,0.6537808179855347,0.7891,0.6491934657096863,0.7948
491,0.5527101159095764,0.8305,0.7853655219078064,0.7577,0.6533334255218506,0.7885,0.6494460701942444,0.7948
492,0.5527199506759644,0.8301,0.7862996459007263,0.7583,0.653731107711792,0.7888,0.6487935781478882,0.7951
493,0.5521503686904907,0.8299,0.7855358123779297,0.7584,0.6535678505897522,0.7891,0.6488523483276367,0.7954
494,0.5517358183860779,0.8304,0.7852413058280945,0.7586,0.6544412970542908,0.7888,0.6486445069313049,0.7957
495,0.5513466000556946,0.8304,0.78570955991745,0.7582,0.6541581153869629,0.7891,0.6479427218437195,0.7966
496,0.551338255405426,0.8304,0.7847856283187866,0.7584,0.6546376943588257,0.7891,0.6481865048408508,0.7964
497,0.5514728426933289,0.8302,0.784675121307373,0.7583,0.6547492146492004,0.7889,0.6486751437187195,0.7963
498,0.5512650609016418,0.8306,0.785118818283081,0.7585,0.6540007591247559,0.7888,0.6489396691322327,0.7959
499,0.550909161567688,0.8304,0.7852590084075928,0.7591,0.6542607545852661,0.789,0.6494503021240234,0.7958
